賲蹠賳	屑械薪
噩賵賯	卸芯覜
爻蹠賳	褋械薪
賰蹠乇蹠賰	泻械褉械泻
賵賳賶	芯薪褘
噩丕賯爻賶	卸邪覜褋褘
賲蹠賳賶賰诃	屑械薪褨遥
亘蹏賱	斜冶谢
亘丕賵	斜邪褉
蹠蹠爻	械屑械褋
賲丕毓丕賳	屑邪覔邪薪
賵賳賶诃	芯薪褘遥
丿蹠倬	写械锌
爻賶夭	褋褨蟹
俅亘賶夭	斜褨蟹
賲蹠賳賶	屑械薪褨
賵賱乇	芯谢邪褉
俅蹏卮賶倬	爷褕褨薪
蹠倬丿賶	械薪写褨
丿賵賰鬲賵乇	写芯泻褌芯褉
俅亘賶乇	斜褨褉
賳賷賰賵賱丕爻	薪懈泻芯谢邪褋
噩丕賶乇	卸邪褌褘褉
丕丿丕賲	邪写邪屑
爻夭丕毓丕蹎	褋邪覔邪薪
賳蹠賶蹠	薪械谐械
毓賵	覔芯泄
爻蹠賳賶鬲诃	褋械薪褨遥
爻丕賳賶	褋械薪褨
賵爻賶倬賰丕	芯褋褘薪写邪
鬲鬲賰	褌械泻
賵毓丕噩	芯覔邪薪
賲丕賱丿蹠乇	屑邪谢写械褉
乇丕丨賲蹠鬲	褉邪褏屑械褌
倬乇蹠賱夭倬丿蹠賳鬲	锌褉械蟹懈写械薪褌
賲蹏賲賰诃	屑爷屑泻褨薪
蹠丿賶賲	械写褨屑
亘賶乇丕賯	斜褨褉邪覜
爻賵賱	褋芯谢
賵爻	芯褋褘
丿蹏乇賶爻	写冶褉褘褋
賵鬲賶蹕蹠賲賶賱	萤褌褨薪械屑褨薪
趩賵賱丿賶	斜芯谢写褘
亘丕爻賯丕	斜邪褋覜邪
俅爻賶夭丿賶	褋褨蟹写褨遥
亘賵賱丕丿賶	斜芯谢邪写褘
爻蹏丕賱賱賷	褋泻邪谢谢懈
蹠诏蹠乇	械谐械褉
亘賵賱賱倬	斜芯谢褘锌
亘爻賶賱賲蹠賷賲亘賳	斜褨谢屑械泄屑褨薪
丿噩賵	写卸芯
賲賶賳丕	屑褘薪邪
蹠丿賶	械写褨
賰蹠賱蹠丿賶	泻械谢械写褨
賯丕賷丿	覜邪泄写邪
鬲爻毓賶	褌邪覔褘
賲賶賳丿丕	屑褘薪写邪
蹕丿丕賳丿丕	褍谐邪薪写邪
亘賵賵賱爻丕	斜芯谢褋邪
爻賵賱丕賷	褋芯谢邪泄
賰賶賲	泻褨屑
卮賶毓丕乇	褕褘覔邪褉
鬲爻賶夭丿賵賶	褋褨蟹写褨
賰蹠卮賶乇賶诃賶夭	泻械褕褨褉褨遥褨蟹
丕賱蹕倬	邪谢褘锌
賳賵賱毓賯丕賳	斜芯谢覔邪薪
賰蹠鬲鬲賱賶	泻械褌褌褨
賯丕賱丕賷	覜邪谢邪泄
蹠卮鬲蹠诃蹠	械褕褌械遥械
俅鬲賶乇賶	褌褨褉褨
賵鬲蹠	萤褌械
鬲蹕丨丕賱賶	褌褍褉邪谢褘
俅亘賶夭丿賶诃	斜褨蟹写褨遥
丨丕賱蹠賲賶賳	斜褨谢械屑褨薪
噩蹠乇丿鬲	卸械褉写械
賮亘乇	褎斜褉
賲蹠賳賶诃卮蹠	屑械薪褨遥褕械
俅噩蹏乇	卸爷褉
噩蹠乇丿蹠	卸械褉谐械
亘賶夭诏蹠	斜褨蟹谐械
爻賶夭诏蹠	褋褨蟹谐械
賵賱丕賷	芯谢邪泄
亘賵賱丕	斜芯谢邪褉
賰賵乇賱倬	泻萤褉褨锌
賲丕賷賷诏丕賵賳	谐邪褉懈谐邪薪
亘賵賱丕亘	斜芯谢邪
丕丿丕賲丿丕乇	邪写邪屑写邪褉
賯丕賳	覜邪薪
賵賱丕乇丿賶	芯谢邪褉写褘
賵賳丿丕	芯薪写邪
爻蹠亘亘賶	褋械斜械斜褨
賯丕賷賶乇賶	覜邪泄褘褉谢褘
爻賵賳丿丕	褋芯薪写邪
丕賰賲賷	邪屑懈薪
丿鬲蹠诏诏蹠賳	写械谐械薪
鬲丕诃	褌邪遥
亘賶乇丿蹠诃蹠	斜褨褉写械遥械
亘賶乇诏蹠	斜褨褉谐械
賯倬賱丿賶	覜邪谢写褘
賮賶賲	褌褘屑
賵丿丕賳	芯写邪薪
丿蹠乇蹠	写械薪械
賰蹠賷賶賳	泻械泄褨薪
賯蹏丿賶丕賷	覜冶写邪泄
鬲蹏乇賲賶賳	褌冶褉屑褘薪
鬲丕蹕賶倬	褌邪褍褘锌
賯丕乇丕卮賶	覜邪褉邪褕褘
噩丕诃丕	卸邪遥邪
賰蹠賱诃賶	泻械谢写褨
賯丕乇賶	覜邪褉褋褘
噩噩丕鬲賶乇賲賶賳	卸邪褌褘褉屑褘薪
賯丕鬲鬲賶	覜邪褌褌褘
蹠卮賰趩賲	械褕泻褨屑
毓丕賳俅丕	覔邪薪邪
丿蹠賷賶	写械泄写褨
賵爻賶賱爻賷	芯褋褘谢邪泄
爻鬲賷賶爻	褌懈褨褋
賰賵賲蹠賰	泻萤屑械泻
爻蹠賳	械泻械薪
賰蹠賱	泻械谢
噩丕乇丕賷丿賶	卸邪褉邪泄写褘
丕賱賲丕賷賲賶賳	邪谢屑邪泄屑褘薪
亘蹠乇	斜械褉
丕賳丕	邪薪邪
賵賷賱丕倬	芯泄谢邪锌
賲賶卮夭丕	屑褘褉蟹邪
賶夭丿蹠倬	褨蟹写械锌
丕丿丕丿丕乇賶	邪写邪屑写邪褉褘
噩丕蹏賲賶爻	卸冶屑褘褋
卮賶賳	褕褘薪
賰賱蹠賱诏蹠賳	泻械谢谐械薪
俅亘賶夭丿賶	斜褨蟹写褨
賰蹠賷	泻械泄
蹠賰蹠賳賶賳	械泻械薪褨薪
賲俅丿俅	屑冶薪写邪
噩丕毓丕賷	卸邪覔写邪泄
賯丕賳趩丕賷	覜邪薪写邪泄
噩蹠乇丿蹠賳	卸械褉写械薪
賲賶丿蹠	屑褨薪械
鬲鬲賯鬲丕	褌芯覜褌邪
丕賷鬲賶倬蹠	邪泄褌褘锌
鬲賶倬鬲賶	褌褨锌褌褨
丕賳丕賷賶	邪褉薪邪泄褘
賯賵賱	覜芯谢
鬲丕亘賶賱毓賲賳	褌邪斜褘谢覔邪薪
蹎蹠卮賶賶賲	泻械褕褨褉褨屑
丿蹠诏蹠賳賲蹠賳	写械谐械薪屑械薪
亘蹏诏賶賳	斜爷谐褨薪
亘賵賱蹠賲丕爻丕	斜芯谢屑邪褋邪
鬲蹏乇	褌冶褉
亘賶賱蹎蹠爻賶诃	斜褨谢械褋褨遥
丿噩賵賳丕	写卸芯薪邪
賰賶卮诃賰蹠賳蹠	泻褨褕泻械薪械
賲賶賳卮蹕	屑褘薪邪褍
賯賵賷	覜芯泄
爻賶夭亘蹠丨	褋褨蟹斜械薪
丕賷鬲丕乇賶賲	邪泄褌邪褉褘屑
噩丕蹕丕倬	卸邪褍邪锌
爻蹠賳丿蹠乇	褋械薪写械褉
爻賷賳賶夭蹠賳	褋械薪褨屑械薪
爻賵賳賶賲賳	褋芯薪褘屑械薪
亘賵賱蹕	斜芯谢褍
俅賵夭賶賲	萤蟹褨屑
亘丕乇賱賶賯	斜邪褉谢褘覜
賶丕賰賰俅夭夭賷	屑邪泻泻械薪蟹懈
丕賱丕賷丿丕	邪谢邪泄写邪
爻丕賷鬲丕賳	褋邪泄褌邪薪
爻蹠賳丿賶賯鬲噩賳	褋芯薪写褘覜褌邪薪
蹠丨賶	械泻褨
丕蹕乇	邪褍褉褍
賯丕賱毓丕賳	覜邪谢覔邪薪
亘蹠乇卮賶	斜械褉褕褨
亘賵俅賷賶	斜芯泄褘
丨丕亘丕蹠	褏邪斜邪褉
鬲丿賶賰	械写褨泻
賵賷賱丕賷賲賳賳	芯泄谢邪泄屑褘薪
丿蹠賷賲賶賳	写械泄屑褨薪
丕賷鬲鬲诃	邪泄褌褌褘
鬲丕賲丕卮丕	褌邪屑邪褕邪
丿蹠賳	写械薪
亘丕賱丕毓	斜邪谢邪
亘賶乇蹠蹕	斜褨褉械褍
賰賵乇诏蹠賳	泻萤褉谐械薪
亘丨賱	斜芯谢
亘丕賱丕賳賶	斜邪谢邪薪褘
丨賵賰爻	褎芯泻褋
诃賵诃	褋芯遥
亘賵賱丕鬲賶賳	斜芯谢邪褌褘薪
賵賷賱丕賷賳爻賶诃	芯泄谢邪泄褋褘遥
亘賶诏蹠爻賶夭	斜褨谢械褋褨蟹
爻賵賳卮丕賱賶賯鬲賶	褋芯薪褕邪谢褘覜褌褘
賯丕賷丿丕賳	覜邪泄写邪薪
賰蹠賳丿蹠	泻械蟹写械
噩丕賯诃賶賲賶賳	卸邪覜褋褘屑褘薪
賵丕乇毓丕	芯谢邪褉覔邪
卮賶賳賶賲蹠賳	褕褘薪褘屑械薪
賰蹠賱丿賶丕夭	泻械谢写褨遥褨蟹
賵鬲賶乇	芯褌褘褉
噩賵賳賶賳丿蹠	卸萤薪褨薪写械
丿蹠賷爻賶	写械泄褋褨蟹
爻丕趩丕賵	褋邪褉邪
亘賶賱丕賯	斜褘谢邪泄
丕蹕賶乇賶倬	邪褍褘褉褘锌
賰賵丨蹠賰鬲蹠爻蹠	泻萤屑械泻褌械褋械
俅爻賵夭	褋萤蟹
賯丕卮丕	覜邪褕邪薪
賲賵賳賷賰丕	屑芯薪懈泻邪
亘丕乇丕鬲賶賳	斜邪褉邪褌褘薪
賯賶夭賲蹠鬲	覜褘蟹屑械褌
丕诏蹠賳鬲	邪谐械薪褌
賰蹠賱鬲	泻械谢械
俅賵賱	萤谢褨
爻賶夭丿蹠	褋褨蟹写械
亘丕爻毓	斜邪褋
鬲蹠夭	褌械蟹
丕賷俅卮	邪泄褌邪
亘丕乇賱賶毓賶賳	斜邪褉谢褘覔褘薪
亘賶夭丿蹠	斜褨蟹写械
賰蹠賱賶倬	泻械谢褨锌
俅噩賲賶乇	萤屑褨褉
賲賶賱丕賳賶	屑褘薪邪薪褘
蹎丕爻蹎丕	胁邪褋胁邪
卮賳鬲賶	褕褌邪褌褘
賲蹠賳丿蹠	屑械薪写械
賯蹏乇賶诃丿丕乇	褌冶褉褘遥写邪褉
鬲賵賯蹠丕鬲	褌芯覜褌邪褌
賰乇賷爻鬲賷丕賳	泻褉懈褋褌懈邪薪
賯賵乇賯賶倬	覜芯褉覜褘锌
亘賵賱毓丕诏	斜芯谢褋邪遥
爻賵賳丿丕賷	褋芯薪写邪泄
亘蹠乇蹠丿賶	斜械褉械写褨
賯丕卮丕	覜邪褕邪
賰蹠蹠卮賶乇	泻械褕褨褉
鬲蹏爻賶賳蹠賲賶賷	褌爷褋褨薪械屑褨薪
賰蹠乇蹠诏賶	泻械褉械谐褨
亘賶賱蹠丿賶	斜褨谢械写褨
賰賵賲蹠賱诏賶诃	泻萤屑械谐褨遥
丿丕賳丕	写邪薪邪
噩蹏乇賶诃丿蹠乇	卸爷褉褨遥写械褉
蹠丿賶诃賶夭	械写褨遥褨蟹
鬲賵賯鬲丕賷	褌芯覜褌邪泄
賯丕賷鬲	覜邪泄褌邪
丕賱賲丕賷	邪谢屑邪泄
賯丕卮賶倬	覜邪褕褘锌
丕賱毓丕賳	邪谢覔邪薪
賵蹕賱鬲賶乇蹠丿賶	萤谢褌褨褉械写褨
賰蹏鬲賶倬	泻爷褌褨锌
賯丕乇丕倬	覜邪褉邪锌
賯丕賳丨卮丕	覜邪薪褕邪
亘蹠乇诏诏蹠賳	斜械褉谐械薪
賵亘賵趩鬲鬲噩	芯斜芯褌褌褘遥
賵賳賶賲賱蹠賳	芯薪褘屑械薪
賰賵乇丿賶賲	泻萤褉写褨屑
賯丕賱俅賶賲	覜邪谢写褘屑
賵爻賶賳丿丨賷	芯褋褘薪写邪泄
俅賵賯賶賶賳	萤屑褨褉褨薪
蹠鬲賶倬蹏	械褌褨锌
亘蹠乇賶	斜械褉褨
賰蹠鬲鬲賶賰	泻械褌褌褨泻
賵亘賵鬲	芯斜芯褌
爻鬲賶倬	械褋褌褨锌
丕倬	褋邪褍
亘賵蹕	斜芯褋
噩丕賯賶賳賲	卸邪覜褘薪
賰蹠賱蹠丕爻賶	泻械谢械褋褨
鬲蹏賮爻賶夭	褌冶褉褋褘蟹
賶爻賶	泻褨褋褨
賯丕乇丕	覜邪褉邪
丕蹕賶乇蹕	邪褍褘褉褍
賰賵乇蹠	泻萤褉械
噩丕爻丕倬	卸邪褋邪锌
俅亘賶乇丕夭	斜褨褉邪蟹
亘乇賷鬲丕賳	斜褉懈褌邪薪
賵鬲賯賶乇賲賶賳	芯褌褘褉屑褘薪
蹏賱賰蹠賳	爷谢泻械薪
賰賲賱丿賶賲	泻械谢写褨屑
爻蹏鬲丕倬	褋冶褉邪锌
丕诏蹠亘賵噩賳	邪谐械薪褌褨薪
噩賶賶鬲	卸褨谐褨褌
噩賵毓丕賱毓丕賳	卸芯覔邪谢覔邪薪
乇蹠賰	卸械泻
賯丕乇丕賷	覜邪褉邪泄
噩丕鬲丕賳	卸邪褌覜邪薪
賰蹠鬲賰蹠賳	泻械褌泻械薪
賲丕賱丿蹠賲乇丿賶	屑邪谢写械褉写褨
賰蹠鬲賶倬	泻械褌褨锌
賰賵倬鬲蹠诏诃賳	泻萤锌褌械谐械薪
爻丕蹕賱賶賯	褋邪褍谢褘覜
噩蹏賲賶爻賶	卸冶屑褘褋褘
爻蹠賰賶賱丿毓	褋械泻褨谢写褨
蹕賷鬲丕爻賶夭	邪泄褌邪褋褘蟹
丕蹎鬲	邪泄褌
鬲蹏乇賶诃賶夭	褌冶褉褘遥褘蟹
亘丕乇賶倬	斜邪褉褘锌
蹏爻鬲賲倬	冶褋褌邪锌
丕乇丕丨丕	邪褉邪写邪
賰蹠賱賲诏蹠賷丿賶	泻械谢屑械泄写褨
蹠賰賶賳卮賶	械泻褨薪褕褨
丿蹠丿賶夭賶夭	写械写褨遥褨蟹
賵鬲賶乇賶賰乇	萤褌褨褉褨泻褕褨
亘丕乇丕	斜邪褉邪
賯賶賱賲賶爻	覜褘谢屑褘褋
蹠賷丿蹠賰	械屑写械褍
亘丕蹎丿賶	斜邪褉邪写褘
蹕賱賶	冶谢褘
賯丕賱噩蹠鬲	覜邪卸械褌
俅鬲蹏爻賶丿賶賲	褌爷褋褨薪写褨屑
賳賵夭賶賰賳賶诃	萤蟹褨屑薪褨遥
蹠趩賰爻賲诏卮蹠	械褕泻褨屑谐械
俅賵夭賶诃丿賶	萤蟹褨遥写褨
爻蹕賳蹠	褋械薪械
丕賱賵丕鬲賶賳鬲	邪谢邪褌褘薪
夭丕诃爻賶夭	蟹邪遥褋褘蟹
蹏賷诏蹠	爷泄谐械
賲蹏賳賶诃	屑冶薪褘遥
噩蹏賲賶爻賶賲	卸冶屑褘褋褘屑
鬲蹏乇毓賳賶賲	褌冶褉覔邪薪褘屑
蹏賷蹎賯趩	冶褕邪覜
賵鬲賶乇诃賶夭	芯褌褘褉褘遥褘蟹
賯賵賱賶	覜芯谢褘
亘賵賱丕丕賷丿賶	斜芯谢屑邪泄写褘
丕賱賲趩賷爻賶诃	邪谢屑邪泄褋褘遥
賯丕鬲賶爻賶	覜邪褌褘褋褘
爻賵丿丕賳	褋芯写邪薪
爻賵毓丕賳	褋芯覔邪薪
蹕诏丕诏丿丕毓丕	褍谐邪薪写邪覔邪
噩賵賱賲蹠賳	卸芯谢屑械薪
丕賷鬲卮賶	邪泄褌褕褘
爻丕毓丕鬲鬲丕賳	褋邪覔邪褌褌邪薪
丕賱蹕	邪谢褍
爻丕鬲賶倬	褋邪褌褘锌
丕賲丕賱爻賶丿	邪屑邪薪褋褘蟹
丕蹕乇蹕賶蹕	邪褍褉褍褘
蹏鬲	蟹邪褌
诃爻鬲蹠賷	褨褋褌械泄
賲蹏賳賶	屑冶薪褘
賲丕诃賶蹕蹎賱	屑邪遥褘蟹写褘
賯蹕賶倬	覜褍褘锌
亘蹠乇爻賶賳	斜械褉褋褨薪
爻丕賳丿蹎賵賮賮	褋邪薪写褏芯褎褎
丕賯倬丕乇丕鬲	邪覜锌邪褉邪褌
蹠賱丿蹠賳	械谢写械薪
亘賵賷賶賳卮丕	斜芯泄褘薪褕邪
卮賶毓賶倬	褕褘覔褘锌
蹠丿賶诃	械写褨遥
俅賲賷诃賷爻鬲賷乇爻賶	屑懈薪懈褋褌褨褉褨
噩賵毓丕賱賶倬	卸芯覔邪谢褘锌
賰蹠乇蹠丿蹠鬲	泻械褉械屑械褌
爻蹠夭賶賲	褋械蟹褨屑
丕賱賲丕賵賲賶夭	邪谢屑邪泄屑褘蟹
爻賵诃毓賶	褋芯遥覔褘
賰賵乇蹕诏賰	泻萤褉褍谐械
丨俅賱賶	褏邪谢褘覜
賲蹏夭	屑冶蟹
賰賶丨賶賱蹠乇	泻褨褋褨谢械褉
爻蹏乇丕賯	褋冶褉邪覜
亘賶乇賳蹠卮蹠	斜褨褉薪械褕械
丕賷鬲丕賲賶賳	邪泄褌邪屑褘薪
賲丿丕賷賲賶诏賱丿丕賮乇	屑邪泄屑褘谢写邪褉
賶丕蹠倬	褨褋褌械锌
賯賶夭賶俅	覜褘蟹褘覜
賯乇丕倬賰賷賶蹎	覜邪褉邪锌邪泄褘屑
蹕丕賯賶鬲鬲丕	褍邪覜褘褌褌邪
蹏賷鬲鬲賶诃	邪泄褌褌褘遥
賰蹏	泻爷薪
噩蹠乇	卸械褉
卮蹠卮賶賲	褕械褕褨屑
亘賵賱丿賶诃	斜芯谢写褘遥
卮賶蹏丕乇爻賮诃	褕褘覔邪褉褋褘遥
爻蹠賳蹠賶賳	褋械薪械屑褨薪
丕賱丕爻賶夭	邪谢邪褋褘蟹
賯丕賱丕	覜邪谢邪
俅蹠賰蹠	卸械泻械
賰賶乇賶诃賶夭	泻褨褉褨遥褨蟹
诏丕乇賷賯丕賳賲賶	谐邪褉懈谐邪薪屑褘薪
丕賰賷鬲賳丕亘賯賮賶	邪泄褌锌邪覜褕褘
賵賳丿丕俅	芯薪写邪泄
鬲丕亘丕	褌邪斜邪
蹏賰賶賲蹠鬲	爷泻褨屑械褌
賰蹠鬲賰賶乇	泻械褌泻褨褉
賵賱賱乇丿丕賳	芯谢邪褉写邪薪
亘賵賳賳賷	斜芯薪薪懈
俅亘賶鬲鬲賶	斜褨褌褌褨
賰蹠賱蹠賲賶賳	泻械谢械屑褨薪
亘賵賱爻賶賳	斜芯谢褋褘薪
丕賷賱鬲丕爻賶诃	邪泄褌邪褋褘遥
鬲賶乇毓丕賳	芯褌褘褉覔邪薪
賲乇賳丕賱乇丿賶	屑褘薪邪谢邪褉写褘
賲蹠乇賷鬲	屑械褉懈褌
丕賷亘鬲賯丕賳賶賲丿賶	邪泄褌覜邪薪褘屑写褘
爻賵蹠爻蹕倬蹠	褋萤泄谢械褋褍谐械
賵爻賶賶	芯褋褘薪褘
蹎卮蹠賱蹠乇賶賳	屑爷褕械谢械褉褨薪
賯蹏乇賶倬	覜冶褉褘锌
噩丕賲丕賳	卸邪屑邪薪
丕毓賶賱卮賶賳	邪覔褘谢褕褘薪
蹠鬲蹠賲賶夭	械褌械屑褨蟹
噩丕賳丕乇	卸邪薪褍邪褉
賲蹏卮蹠爻賶賳	屑爷褕械褋褨薪
丕丿丕賲丿丕乇丿賶	邪写邪屑写邪褉写褘
賵賱丕乇丿丕賲	芯谢邪褉写邪
爻賵賳賶	褋芯薪褘
丕賯賷賶賳蹠	邪屑懈薪谐械
賰賵乇賶賳蹠丿賶	泻萤褉褨薪械写褨
賱賱丕蹏丿賶诃	芯谢邪褉写褘遥
俅賵夭賶賷賶夭	萤蟹褨遥褨蟹
亘賵賱賲丕賯賯	斜芯谢屑邪覜
賯賷賶賳	覜懈褘薪
鬲蹏鬲賯賶賳丿乇	褌冶褌覜褘薪写邪褉
俅丨亘賶乇鬲蹏乇賱賶	斜褨褉褌爷褉谢褨
賰蹠鬲蹠賲賶賳	泻械褌械屑褨薪
乇賰賶賲夭鬲	爷泻褨屑械褌褨
蹠賲丨丕賳丕	械屑褏邪薪邪
賯賶夭	覜褘蟹
亘蹏丿賳	斜冶写邪薪
賲丕賯鬲丕賳	屑邪覜褌邪薪
丕賳賶毓賯	邪薪褘覜
丿蹠賷爻賶诃	写械泄褋褨遥
鬲丕乇賱	褌邪褉褌
蹕賶賱毓丕	邪褍褘谢覔邪
蹠乇鬲蹠诃丿	械褉褌械遥
夭賵賵丿蹏賰蹠	蟹芯芯写爷泻械薪
噩丕爻夭丕趩	卸邪褋邪泄
賰賵倬	泻萤锌
賲丕賯爻丕鬲	屑邪覜褋邪褌
丕賷鬲丕丿賶	邪泄褌邪写褘
噩丨爻丕賷鬲賶賳	卸邪褋邪泄褌褘薪
賷鬲鬲蹠噩乇	懈褌褌械褉
丿蹠丿賶賲	写械写褨屑
賯蹏毓丕賷丿賶诃	覜冶写邪泄写褘遥
爻賵蹕賳	褋褌芯褍薪
卮丕爻賶乇賶倬	褕邪覜褘褉褘锌
丕丿丕賲賳賶诃	邪写邪屑薪褘遥
鬲蹏乇爻賶诃	褌冶褉褋褘遥
賰賶诏賶賳賶	泻褨褋褨薪褨
蹠賲丨丕賳丕毓丕	械屑褏邪薪邪覔邪
丕賳丕诃	邪薪邪遥
蹏賯爻丕賷丿賶	冶覜褋邪泄写褘
噩丕賳賶诃丿丕	卸邪薪褘遥写邪
賵鬲賶賳蹠賲	萤褌褨薪械屑
蹠賲丿賶	械屑写褨
賰賵鬲乇蹠丿蹎賶	泻萤褉械写褨
賰蹠鬲蹠	泻械褌械
丕亘賱賲丕丿賶賲	邪谢屑邪写褘屑
賯丕毓丕倬	覜邪屑邪锌
亘丕賱丕賳賶诃	斜邪谢邪薪褘遥
亘噩丕爻鬲丕倬	斜邪褋褌邪锌
賵夭蹏诃丿	萤蟹褨遥
丨丕亘丕乇賱丕爻噩倬鬲	褏邪斜邪褉谢邪褋褘锌
鬲丕爻鬲丕	褌邪褋褌邪
亘丕爻賶賳丕	斜邪褋褘薪邪
俅噩蹏乇賲賶賳	卸爷褉屑褨薪
賯丕乇賶賲	覜邪褉褘屑
賲丕卮賲賳丕	屑邪褕懈薪邪
賵賱鬲賶乇賲蹠賰卮賶	萤谢褌褨褉屑械泻褕褨
鬲丕賱毓丕賲	褌邪谢覔邪屑
俅賵賱賶	萤谢褨锌
丿蹠賲	写械屑
賰蹠卮蹠	泻械褕械
賯賵爻賶賱賶倬	覜芯褋褘谢褘锌
鬲賵賲蹠賳	褌萤屑械薪
亘賶乇賶	斜褨褉褨
丿賶賲	写褘屑
鬲賰乇毓丕賳	褌冶褉覔邪薪
賵賰賶賱賶	萤泻褨谢褨
丕卮賶賯	邪褕褘覜
丕賱賲丕賷賱賶	邪谢屑邪泄写褘
賯丕賱丕毓丿賶	覜邪谢邪泄写褘
爻噩毓丕鬲	褋邪覔邪褌
賰賳賷丿蹠	泻械泄写械
亘蹠鬲賶賲	斜械褌褨薪
爻丕賱賶賳毓丕賳	褋邪谢褘薪覔邪薪
賯賵賱诏丕賳丕	覜芯谢写邪薪邪
噩丕爻丕賱毓鬲賳	卸邪褋邪谢覔邪薪
亘亘賱丿賶賲	斜芯谢写褘屑
蹠賰诃蹕賲诏丿賶诃賲	械泻械褍屑褨蟹写褨遥
丕乇趩鬲賯丕	邪褉褌覜邪
蹠爻蹕鬲賶丿賲	械褋褌褨写褨屑
蹠卮丕賳丿丕賷	械褕覜邪薪写邪泄
噩丕賷賱	卸邪泄谢褘
賰蹠賱丿賶诃	泻械谢写褨遥
丕蹠亘蹠倬	褋械斜械锌
鬲賵賲賯鬲丕賲丕倬	褌芯覜褌邪屑邪泄
亘丕爻賯丕卮丕	斜邪褋覜邪褕邪
蹏乇丿賶賲	冶褉写褘屑
賰蹠爻賱诏蹠毓賶诏	泻械谢谐械薪褨薪
亘賵賱蹕爻	斜芯谢褍褘
丕賱丿倬賳丿丕	邪谢写褘薪写邪
賰賶賲诏蹠	泻褨屑谐械
蹏爻賲鬲賶賳丿蹠	爷褋褌褨薪写械
賲蹠賷賶賲蹠賳	屑械薪褨屑械薪
賲丕賵丕	屑邪屑邪
丕丿丕賲賲蹠賳	邪写邪屑屑械薪
爻賵賮賱蹠爻賶倬	褋萤泄谢械褋褨锌
賵鬲賶乇爻賶诃	芯褌褘褉褋褘遥
賯丕賷	覜邪泄
噩蹠乇诏賶賱賶賰鬲賶	卸械褉谐褨谢褨泻褌褨
賰蹠賱爻蹠	泻械谢褋械
亘蹠乇蹠	斜械褉械
蹠賰蹠蹕賲賷賶夭	械泻械褍屑褨蟹
賵賷俅賳	芯泄褘薪
丕賱丕爻賶诃	邪谢邪褋褘遥
丕賶倬	邪褌褘锌
賲蹏丿丕賷丿丕賳	覜冶写邪泄写邪薪
俅鬲蹏乇賱賶	褌爷褉谢褨
鬲賶賳賶卮	褌褘薪褘褕
賵乇賳賶賳丕	芯褉薪褘薪邪
亘賶賱蹠爻賶賳亘蹠	斜褨谢械褋褨遥斜械
丕賳丕蹕	邪薪邪褍
亘毓賱賲賲	斜芯谢褋邪屑
賰賵乇丿賶诃賶夭	泻萤褉写褨遥褨蟹
噩賵賱賶倬賲	覜芯谢褘屑
亘丕诏賶爻	斜邪褌褘褋
丕诏蹠賳鬲賶	邪谐械薪褌褨
噩丕爻	卸邪褋
噩賶丨蹠乇丿賶	卸褨斜械褉写褨
丕毓賶賱卮賶賳卮丕	邪覔褘谢褕褘薪褕邪
蹠賲蹠爻倬賶賳毓	械屑械褋锌褨薪
亘蹏乇賶賳丿丕	斜冶褉褘薪写邪
卮賵鬲賱丕賳丿賶賯賯	褕芯褌谢邪薪写褘覜
賯賵賱賶賳丿丕賯	覜芯谢褘薪写邪
爻蹠丿賶	褋械薪械写褨
卮丕乇卮丕丿賶賲	褕邪褉褕邪写褘屑
噩丕鬲賶乇爻賶诃	卸邪褌褘褉褋褘遥
鬲賵賯鬲賲丕	褌芯覜褌邪屑邪
鬲丕賮鬲賶诃賶夭	褌邪锌褌褘遥褘蟹
丕賷鬲賯丕賳	邪泄褌覜邪薪
蹠賱丿賶诃	械谢写褨遥
丿乇丕賲倬賷	写褉邪屑屑懈
亘蹏賳賶诃	斜冶薪褘遥
丕賳鬲賶诃賶夭	邪泄褌褘遥褘蟹
爻蹠夭賶倬	褋械蟹褨锌
賯丕夭賶乇	覜邪蟹褨褉
丕丿賶	邪谢写褘
蹠賰毓蹠賳爻賶诃	械泻械薪褋褨遥
丕丿丕賲毓丕	邪写邪屑覔邪
賰賵乇蹠诃賶賱	泻萤褉械屑褨蟹
鬲賶诃俅丕卮賶	褌褘遥写邪褕褘
賲蹠賳賳蹠賳	屑械薪薪械薪
丿蹠诏蹠賳賶诃	写械谐械薪褨遥
丕丿丕蹏丿丕乇毓丕	邪写邪屑写邪褉覔邪
噩丕鬲賶乇爻賶夭	卸邪褌褘褉褋褘蟹
亘丕乇賱賶毓賶	斜邪褉谢褘覔褘
亘丕乇丕賲	斜邪褉邪屑
亘蹏賷蹠蹕賶賲	泻爷泄械褍褨屑
俅賵夭賶賯賳賶诃	萤蟹褨薪褨遥
噩賶亘蹠乇诏蹠	卸褨斜械褉谐械薪
賰蹏丿賶賰鬲賶	泻爷写褨泻褌褨
賵賯丕爻賶	芯覜邪褋褘
毓賱蹠诃	萤谢械遥
乇賷賷賲賵賳毓	褉懈褔屑芯薪写
賰卮	泻械褕
亘賶乇丿蹠賷	斜褨褉写械泄
亘丕賷賱賯賳賶爻	斜邪泄谢邪薪褘褋
賰蹠賱賶蹎诃賶夭	泻械谢褨遥褨蟹
賯丕賲	覜邪屑
賵賷蹕丕賷丿	芯泄谢邪泄写褘
爻賵賷賱蹠賷爻賶夭	褋萤泄谢械泄褋褨蟹
鬲丕亘丕賶	褌邪斜邪写褘
賵爻賷蹠鬲蹕	萤褋懈械褌褨
賯賵卮	覜芯褕
賲賶賳蹕賷鬲賶賳	屑褨薪械泄褌褨薪
丕蹏賶賲丕賯	邪覜褘屑邪覜
亘蹠乇蹠賲	斜械褉械屑
卮賶毓丕乇賶倬	褕褘覔邪褉褘锌
亘賵賱賲蹏賶賳	斜萤谢屑械褋褨薪械
丿丕毓亘丕爻丕	写邪谢斜邪褋邪
亘丕乇賶賳	斜邪褉褘薪
蹠賱賶賲蹠	械谢褨屑械
亘蹏鬲倬蹠诏蹠賳	泻爷褌锌械谐械薪
賲丕爻賷蹏賳蹠賲	屑邪褋泻爷薪械屑
爻賵夭賶賳蹠	褋萤蟹褨薪械
賰賵乇丕蹠賲	泻萤褉谐械屑
賷夭賳賷	懈褌薪懈
噩趩賱	卸芯谢
亘賵亘丕鬲賶賳賲賶亘	斜芯谢邪褌褘薪屑褘薪
亘蹠賱诏賶爻賶夭	斜械谢谐褨褋褨蟹
亘賵賱賶诃賶夭	斜芯谢褘遥褘蟹
賯賵賷毓噩賳	覜芯泄覔邪薪
丿賵賳賵乇	写芯薪芯褉
噩蹠鬲賶賶	卸械褌褨
俅賶爻鬲賶	褨褋褌褨
丕丿丕賱	邪写邪谢
鬲蹏賳丿蹠	褌爷薪写械
丕賷鬲倬丕賷爻噩诃	邪泄褌锌邪泄褋褘遥
噩丕毓丿丕蹎賶乇丕	卸邪覔写邪泄褘薪邪
丨賵賱賷夭蹠賷	褏芯谢懈写械泄
噩賵賯賯丕	卸芯覜覜邪
賲丕卮賷賳丕賳賶	屑邪褕懈薪邪薪褘
賶爻鬲蹠乇	褨褋褌械褉
夭賵賲	蟹褘屑
爻賶乇鬲賯賶	褋褘褉褌覜褘
丕賷賰鬲倬丕賷賲賶賳	邪泄褌锌邪泄屑褘薪
蹠爻鬲賷丿賶	械褋褌懈写褨
亘蹏賰賶賱	斜爷泻褨谢
蹏賲賶鬲鬲蹠賳賶倬	爷屑褨褌褌械薪褨锌
爻蹠賳丿蹠乇诏蹠	褋械薪写械褉谐械
噩蹠鬲蹠	卸械褌械
爻賰賷賳賳蹠亘	褋泻懈薪薪械褉
丕賮乇賷賰丕	邪褎褉懈泻邪
俅賶夭賶	褨蟹褨
賯賶賱賲賶爻賯丕	覜褘谢屑褘褋覜邪
爻丨乇毓丕毓丕賳	褋冶褉邪覔邪薪
賲丕倬賯丕賱丕賳賶	屑邪覜邪谢邪薪褘
鬲蹏爻賶賲丿蹠	褌爷褋褨屑写械
鬲丕賱蹏賶賯鬲賶	褌邪谢褕褘覜褌褘
蹏賷賶賳蹠	爷泄褨薪械
賰賵乇賶诃賶夭	泻萤褉褨遥褨蟹
俅丕鬲賶蹕	卸邪褌褘锌
賯丕賱賷爻賶夭	覜邪谢邪泄褋褘蟹
亘蹠乇賲賶賳	斜械褉械屑褨薪
賵賯爻丿賶诃	芯覜褘写褘遥
丕蹕賶賳鬲賶	邪谐械薪褌褌褨
賰賵乇爻蹠鬲	泻萤褉褋械褌
丕蹕賶爻鬲賶乇丨毓丕	邪褍褘褋褌褘褉褍覔邪
丕噩賵賲爻賶诃	邪写邪屑褋褘遥
亘賵賱賲丕毓丕賳	斜芯谢屑邪覔邪薪
卮蹠诏賶賶	褕械谐褨薪
丕賱丿丕倬	邪谢写邪锌
鬲賵賱賶毓賶賲賶蹠賳	褌芯谢褘覔褘屑械薪
亘賵噩賶賲	斜萤谢褨屑
亘蹠乇賲蹠賷卮賶	斜械褉屑械泄写褨
亘倬賵賱卮蹠賰鬲蹠乇賶	斜萤谢褕械泻褌械褉褨
爻蹠賳亘蹠賷賲賶賳	褋械薪斜械泄屑褨薪
蹠鬲賰賶夭蹠賲賶賳	卸械褌泻褨蟹械屑褨薪
賯丕蹕	覜邪谢褍
鬲爻爻蹠賰鬲蹠诏賶	褌萤褋械泻褌械谐褨
賳蹠賲蹠爻	薪械屑械褋械
鬲丕爻鬲丕诃賶夭丿賶	褌邪褋褌邪遥褘蟹褕褘
鬲丕俅賱賷爻賶丕	褌邪薪懈褋褘蟹
丕诏蹠賳鬲鬲賶诃	邪谐械薪褌褌褨遥
爻蹏賰丕蹕	褋冶褉邪褍
賶卮賶賳丿蹠	褨褕褨薪写械
賯賵賷蹏诃蹠夭	覜芯泄褘遥褘蟹
鬲蹏诃丕爻賶夭	褌冶褉邪褋褘蟹
賵乇蹠爻倬蹠賱	萤褉械褋泻械谢
賶卮鬲蹠	褨褕褌械
丕蹕賶乇蹕賶	邪褍褘褉褍褘
蹎鬲蹏爻乇	褌爷褋褨褉
丕賱丿賶賯	邪谢写褘覜
賶蹏賲賶爻賶賳	卸冶屑褘褋褘薪
蹏乇丕賲丕賷丿賶	冶薪邪屑邪泄写褘
賯賵賱丿賶丕乇賶丿诃丿賶	覜芯谢写邪褉褘遥写褘
賵賰倬蹠	萤泻锌械
亘賶乇诏蹠賲賶賳	斜褨褉谐械屑褨薪
賵賷賱丕賷賲賶夭	芯泄谢邪泄屑褘蟹
蹏賰賶賯鬲丕倬	冶泄褘覜褌邪锌
噩賶賱丿丕賲	卸褘谢写邪屑
賵夭丿蹠乇賶	萤蟹写械褉褨
亘丕賱丕賲	斜邪谢邪屑
亘乇丕爻蹠蹠鬲	斜褉邪褋谢械褌
鬲丕倬鬲賶賯	褌邪锌褌褘覜
丕賷卮丕	邪泄写邪
賵鬲蹕乇賶倬	芯褌褘褉褘锌
蹠賲丿蹠蹕诏蹠	械屑写械褍谐械
丨丕亘丕乇賱丕爻賷賶	褏邪斜邪褉谢邪褋褌褘
鬲丕爻鬲丕诃賶夭	褌邪褋褌邪遥褘蟹
蹏爻鬲丕毓丕蹏	冶褋褌邪覔邪薪
蹠賲賶	械屑褨
噩丕爻毓丿丕賷賶	卸邪覔写邪泄褘
俅賵丨賶乇賶	萤屑褨褉褨
鬲丕爻鬲丕賲丕	褌邪褋褌邪屑邪
蹠鬲賰賵賶賲	械褌泻褨屑
诃蹏乇毓丕賳丿賰丕	褌冶褉覔邪薪写邪
丕爻賶賳丕賳	斜邪褋褘薪邪薪
丨丕鬲蹎賶	蟹邪褌褌褘
毓賶賱賶賲	覔褘谢褘屑
爻賶賷賷賱丕賷蹠賮	褋褘泄谢邪泄屑褘薪
蹠賰蹠蹕乇賶賳诃丿蹠	械泻械褍褨薪写械
鬲賵賯鬲丕鬲鬲賳	褌芯覜褌邪褌褌褘
蹠爻鬲賶丿賶賰	械褋褌褨写褨泻
丕賱賲丕賯卮賶	邪谢屑邪覜褕褘
亘蹠乇蹠賲毓賶卮夭	斜械褉械屑褨蟹
亘蹕賶賱賯蹠賷賲賶賶	斜褨谢屑械泄屑褨蟹
賲賷鬲丕賲	邪泄褌邪屑
亘丕毓丕賱	斜邪覔邪
亘丕賱丕賲丕	斜邪谢邪屑邪
鬲丕亘賶賱丿賶	褌邪斜褘谢写褘
亘丕爻爻蹠賷賳诏蹠	斜邪褋褋械泄薪谐械
噩丕鬲蹏诃丨丕賳丕	卸邪褌邪覜褏邪薪邪
爻賷賷賱賵毓賶賲	褋褘泄谢褘覔褘屑
毓賮賱賶賰	泻萤谢褨泻
爻蹠俅賶賰賶賶	褋械薪褨泻褨
賶賵乇蹠丿賷賶賰	泻萤褉械泄褨泻
鬲丕爻鬲丕丿賲	褌邪褋褌邪写褘屑
賶诃毓丕賷賱賶	褘遥覔邪泄谢褘
丕乇賳丕賱毓丕賳	邪褉薪邪谢覔邪薪
丕賱丕卮賶賳	邪谢邪屑褘薪
丕蹕乇蹕賶賳蹕	邪褍褉褍褘薪邪
蹠賰蹠蹕賶诃	械泻械褍褨遥
賯蹏鬲賶賱蹕賶賲	覜冶褌褘谢褍褘屑
賵賷賱丕丿賶賲	芯泄谢邪写褘屑
爻蹠賳诏賶賲	褋械薪谐褨屑
丕賲丕賱賶賲	邪屑邪谢褘屑
卮賶賯倬丕賷賲賶賲	褕褘覜锌邪泄屑褘薪
賰蹠鬲賷蹠爻蹠鬲賶賳	泻械蟹写械褋械褌褨薪
賰蹠賱蹠賷	泻械谢屑械泄
爻賷爻蹠賰	褋懈褉械泻
賰賵夭賶俅丿賶	泻萤蟹褨遥写褨
俅亘賶賱賶倬	斜褨谢褨锌
蹏賷蹕賯鬲丕賷	冶泄褘覜褌邪泄
鬲賵賲丕爻	褌芯屑邪褋
鬲蹏爻賶賳倬蹠丿賶賲	褌爷褋褨薪斜械写褨屑
亘丕爻賶賮	斜邪褋褘屑
俅亘賳乇丕鬲丕賱丕	斜褨褉邪褌邪谢邪
賰賵乇夭诏鬲賰賶賲	泻萤褉褋械褌泻褨屑
亘蹠乇蹠賷賶賳	斜械褉械泄褨薪
噩蹠乇丨丿賶	卸械褉写褨
丕賷鬲倬丕蹎賶倬	邪泄褌锌邪写褘遥
噩賵毓蹏丕賱	卸芯覔邪谢褌
賰賱賵夭	泻萤蟹
賶爻鬲賰诏蹠賳賶	褨褋褌械谐械薪褨
丕賱丕	邪谢邪
賶夭丿蹠乇賶	褨蟹写械褉褨
亘丕賷賱丕賳賶爻鬲賶	斜邪泄谢邪薪褘褋褌褘
亘賵賱賲丕賷	斜芯谢屑邪泄
賰蹠賲蹠賳蹠	薪械屑械薪械
丕夭賷丕鬲鬲丕乇丿賶	邪蟹懈邪褌褌邪褉写褘
賵賯賷毓丕賱賲乇毓丕	芯覜懈覔邪谢邪褉覔邪
丿丕賶賳	写邪泄褘薪
賯賷賱丿丕	覜芯谢写邪
乇賵賲蹠乇爻蹠鬲	褋芯屑械褉褋械褌
爻噩賳蹠爻賶夭丕	褋械薪械褋褨蟹
倬賵賱賶诃丿賶	覜芯谢褘遥写褘
賵賱賶賱蹠	萤谢褨屑谐械
賯蹏丿賷丿賶	覜冶写邪泄写褘
賰蹠夭爻賳丿蹠	泻械蟹褨薪写械
賰賵賲卮賲丿賶	泻萤蟹褨屑写褨
賯卮賱賶诃賳丕賳	覜芯谢褘遥薪邪薪
賰蹏賳丿蹠	泻爷薪写械
噩賵賱賶	卸芯谢褘
賵賷賶诃丿賶	芯泄褘遥写褘
俅鬲俅乇賶賲亘賰	褌褨褉褨屑褨薪
賰蹠賯賶賱诏賲乇	泻械锌褨谢谐械褉
爻蹏乇丕賷賶賳	褋冶褉邪泄褘薪
蹠賳蹎蹠亘賷倬蹠	械薪褌械斜懈谐械
蹏乇賱丕賳賶倬	冶褉谢邪薪褘锌
丕丿丨賲丿丕乇賶賲	邪写邪屑写邪褉褘屑
亘丕爻鬲丕丿賶	斜邪褋褌邪写褘
卮賵賱毓丕賳賶賲	斜芯谢覔邪薪褘屑
爻丕賳丿賶乇丕賯	褋邪薪写褘褉邪覜
亘蹠亘蹎蹠賰诃	斜械蟹谐械泻
噩丕爻丕丿賶诃夭	卸邪褋邪写褘遥
亘丕乇丕賲賶丨賳	斜邪褉邪屑褘薪
丕鬲丕賯卮丕	邪褌邪覜覜邪
丕賱丕丿賶	邪谢邪写褘
鬲賷賲賷	褌懈屑械泄
鬲蹏賶倬	褌冶褉褘锌
亘賮賱丕毓丕	斜邪谢邪覔邪
倬賱蹠賳	锌械薪
俅賵賱賶賲	萤谢褨屑
賰蹠爻賶乇賶賳蹠賳	泻械褋褨褉褨薪械薪
丕賷鬲鬲賶诃賶夭	邪泄褌褌褘遥褘蟹
賯蹏賯賯丕蹎蹕	覜冶褌覜邪褉褍
賯蹕賷賷鬲丨倬	覜邪泄褌褘锌
俅賵夭賶賲賶夭丿賶诃	萤蟹褨屑褨蟹写褨遥
卮賶賯蹠丕賳	褕褘覜覜邪薪
丨丕鬲	褏邪褌
噩賶蹠乇诏蹠賳丿鬲	卸褨斜械褉谐械薪写械
賶爻賶賰	褨褋褨泻
賯賵賷丿賶賲	覜芯泄写褘屑
丿蹠鬲賶賳丿蹠	褉械褌褨薪写械
蹠賱蹠丕	械谢械褋
賶夭蹠	褌褨泻械
丕爻賶丨賯倬丕诃蹕丕乇	邪褋褘覜锌邪遥写邪褉
賯丕鬲丕乇丿賳	覜邪褌邪褉写褘
鬲丕倬爻賶乇丕賲賶夭	褌邪锌褋褘褉邪屑褘蟹
噩賶賱丿丕乇	卸褘谢写邪褉
亘蹠诃丿賶诃	斜械褉写褨遥
爻鬲丕賲丕诃丿丕乇	褋褌邪屑邪遥写邪褉
噩蹏賲賶爻賶诃	卸冶屑褘褋褘遥
賰賵乇爻蹠鬲蹠賲賶賳賰	泻萤褉褋械褌械屑褨薪
蹠鬲鬲賶诃	械褌褌褨遥
卮賶毓丕乇爻賶夭	褕褘覔邪褉褋褘蟹
丕賳丕賱賷夭	邪薪邪谢懈蟹
賰蹠爻俅倬	泻械褋褨锌
卮賶毓丕丿賶	褕褘覔邪写褘
鬲蹠賱蹠賮賵賳	褌械谢械褎芯薪
賯賶蹏丿賶	覜褘蟹写褘
俅噩蹏乇賶倬	卸爷褉褨锌
賶夭丿蹠蹕	褨蟹写械褍
賰蹠鬲蹠鬲賶賳	泻械褌械褌褨薪
賰蹠鬲爻蹠诃	泻械褌褋械遥
賰蹏丿賶賰鬲賶賳賶诃	泻爷写褨泻褌褨薪褨遥
爻賵賷賱蹠爻	褋萤泄谢械褋
賯蹏丿诏賷毓丕	覜冶写邪泄覔邪
賰賵乇卮賳蹠鬲賶賳	泻萤褉褨薪械褌褨薪
噩丕亘乇賶賯	卸邪褉褘覜
賰賵乇蹠爻賶夭	泻萤褉械褋褨蟹
丕賱鬲賶	邪谢褌褘
丕賱丕賲賶夭	邪谢邪屑褘蟹
亘蹏毓丕賳	斜冶覔邪薪
蹏賷丿蹠	爷泄写械
俅賶乇賶	褨褉褨
鬲蹠賰蹠乇賮	褌械泻褋械褉褍
賲蹠爻倬賶夭	械屑械褋锌褨蟹
丕賱丕賲	邪谢邪屑
鬲诏賷賶賲	褌懈褘屑
蹏乇诏蹠賳賶賳	爷褉谐械薪褨薪
賳丕卮丕乇	薪邪褕邪褉
爻蹠賳賶倬	褋械薪褨锌
丕蹕賶乇乇丿賶	邪褍褘褉邪写褘
亘賵爻賯丕	斜芯褋覜邪
亘賵爻丕鬲賶诃丿丕乇	斜芯褋邪褌褘遥写邪褉
鬲丕倬蹠鬲賶賲	褌邪锌褌褘屑
噩丕賱賶诃丿丕乇	卸邪褌褘遥写邪褉
鬲賵賯鬲丕诃蹎丕乇	褌芯覜褌邪遥写邪褉
卮丕賲賰丕賱賶	褕邪屑邪谢褘
噩賵賷賶倬	卸芯泄褘锌
夭賵鬲賯丕	蟹邪褌覜邪
噩蹠倬	卸械锌
賵乇賳賶賳丿丕	芯褉薪褘薪写邪
丕賲丕賳	邪屑邪薪
丕賱賶爻	邪谢褘褋
賰蹠夭	泻械蟹
丿蹠丿賶	写械写褨
蹏爻鬲乇蹕噩丕乇	冶褋褌邪遥写邪褉
賰蹏丿賶賰	泻爷写褨泻
亘丕爻賯丕乇噩	斜邪褋覜邪褉褍
賰賶賵爻蹠	泻褨褋褨谐械
卮賶賯	褕褘覜
賲賷賳蹕鬲	屑懈薪褍褌
亘蹏賳賶賲蹠賳	斜冶薪褘屑械薪
鬲蹠乇蹠诃	褌械褉械遥
丿賷噩賰賷	胁懈褋泻懈
鬲賵賷丿賱賲	褌芯泄写褘屑
丕蹕乇丨丕賳亘爻賶	邪褍褉褍褏邪薪邪褋褘
爻蹠乇蹕蹠夭丿蹠倬	褋械褉褍械薪写械锌
噩丕賯丕诃丕卮	卸邪谢邪遥邪褕
趩亘鬲賷卮賶	斜懈褕褨
噩賶诏賶鬲鬲蹠	卸褨谐褨褌褌械褉
鬲丕亘丕爻夭	褌邪斜邪褋褘蟹
丕賱毓賶乇夭	邪谢覔褘褉
鬲蹠賰爻蹠乇蹕诏蹠	褌械泻褋械褉褍谐械
賶鬲蹠賷丿賶	褨褋褌械泄写褨
丿蹠賷賶賳	写械泄褨薪
丿丕賰賵鬲丕	写邪泻芯褌邪
亘丕爻賶賳丿丕	斜邪褋褘薪写邪
賵乇丿賰乇賶賲賶夭	芯褉写械褉褨屑褨蟹
賯蹏賱丕賶倬	覜冶谢邪褌褘锌
賰蹠鬲蹕賶	泻械褌褍褨
賵诃丕賷	芯遥邪泄
賯賵賱賶賳	覜芯谢褘薪
俅噩丕乇賶诃賶爻	卸爷褉褨遥褨蟹
丕鬲乇賶倬	邪锌邪褉褘锌
亘賵賱賲丕诃賶夭	斜芯谢屑邪遥褘蟹
夭丕鬲鬲丕乇	蟹邪褌褌邪褉
丨丕賱賶賯賯丕	褏邪谢褘覜覜邪
蹠賳丿蹠賯蹠	械薪写械褕械
鬲賷爻鬲丕賷丿賶	褌邪褋褌邪泄写褘
鬲蹏乇丿蹠	褌爷褉写械
賵鬲賰賶夭賶倬	萤褌泻褨蟹褨锌
噩丕夭賶倬	卸邪蟹褘锌
爻賶賷賶乇丿賶诃	褋褘泄褘褉写褘遥
噩丕毓丿丕賷丿丕	卸邪覔写邪泄写邪
鬲蹏丕	褌冶褉邪
賵賯賷毓鬲	芯覜懈覔邪
賲賶賳丿蹠鬲賶	屑褨薪写械褌褌褨
丕賳丿丕	邪薪写邪
鬲賶賰	褌褨泻
丕賱丿賶賶賶夭	邪谢写褘遥褘蟹
賰蹠卮賰賶	泻械褕泻褨
鬲丕賲丕賯	褌邪屑邪覜
蹏賷賱蹠賳诏蹠賳	爷泄谢械薪谐械薪
乇卮賰	褨褕泻械
噩賵丕毓賶賲夭賶夭	卸邪覔褘屑褋褘蟹
賰賵乇蹠賷賶賯	泻萤褉械泄褨薪
賰賵賶蹠	泻萤蟹谐械
爻丕诃鬲丕倬	褋邪覜褌邪锌
鬲蹕丿賶	褌褍写褘
爻丕賱丕賲丕鬲爻賶乇夭	褋邪谢邪屑邪褌褋褘蟹
鬲賵诃賰蹠乇賶爻	褌萤遥泻械褉褨褋
蹠爻賶賲賶賲	械褋褨屑褨屑
賰賶賲爻賶夭	泻褨屑褋褨蟹
賶蹠賲诏賷賱賶	斜械谢谐褨谢褨
爻賵亘賶乇賶賲丿賰賶	萤屑褨褉褨屑写褨
賯丕蹕賶倬	覜邪褍褨锌
亘丕乇丕賲賶夭	斜邪褉邪屑褘蟹
賳蹠鬲賰蹎蹠賳	薪械褌泻械薪
賯丕賷丿丕賮賶夭丨	覜邪泄写邪褋褘蟹
蹠鬲蹠鬲賶賳	械褌械褌褨薪
賰蹠丿蹠賷	泻械写械泄
俅賵賲賶乇賶賲	萤屑褨褉褨屑
蹠鬲鬲賶賲	械褌褌褨屑
賲丕爻丕賳丨诏丕	屑邪褋邪薪谐邪
亘丿賱丕丿賶	斜邪谢邪褋褘
賮賵賷卮賶	覜芯泄褕褘
亘蹏賳	斜冶薪褘
丕賳鬲	邪薪褌
賰蹠丿蹠爻賶賳蹠	泻械褍写械褋褨薪械
賶卮爻賶賲	褨褋褨屑
夭賱賶倬鬲賶	邪谢褘锌褌褘
丕毓丕鬲卮丕	褋邪覔邪褌褌邪
賷蹠爻賶	懈械褋褨
噩賶賱丿丕賳	卸褘谢写邪薪
賵鬲賰蹠丿蹠	萤褌泻械薪写械
鬲丕賳賶爻倬賶賳	褌邪薪褘褋锌褘薪
鬲丕诏丿丕丿诃	褌邪遥写邪写褘遥
卮賵鬲賶賳丕	褕芯褌褘薪邪
噩丕賶賳丿賶	卸邪谢褘薪写褘
